image_name,pore_id,area_px,bbox_r0,bbox_c0,bbox_r1,bbox_c1,p,A,w,b,c,a,m,Lb,Wb,dH,pHull,Ahull,ece,L_maj,L_min,d_BC,feret_major,feret_minor,w_f,DL_Circ,DL_Rec,DL_Com,DL_Elo,CI_Circ,CI_AR,CI_Con,CI_Sol,LL_Circ,LL_AR,LL_Elo,LL_Con,LL_Sol,LI_AR,LI_Con,LI_Sol,SC_Circ,SC_Rec,SC_ARF,SC_AR,FF,Reg
S1_Grao_2,1,104,0,186,13,199,39.698485,104.000000,7.071068,16.970563,36.151107,17.000000,6.058824,17.000000,7.000000,11.507255,38.870058,114.000000,40.967701,17.285743,7.832972,17.088414,18.029241,7.071068,16.970563,1.098126,0.825620,0.866667,2.805825,0.829269,2.206793,1.031971,0.912281,0.910642,0.411765,0.588235,0.979132,0.912281,0.453146,0.979132,0.912281,0.453461,0.866667,0.416667,2.400000,0.829269,0.325902
S1_Grao_2,2,60,0,368,7,379,23.213203,60.000000,8.485281,8.485281,27.458737,9.000000,6.666667,11.000000,7.000000,8.740387,22.384776,65.000000,30.631742,10.617414,7.751664,11.051106,12.045297,8.485281,8.485281,0.845385,0.683926,0.833333,1.350000,1.399236,1.369695,1.319583,0.923077,1.182893,0.636364,0.363636,0.964312,0.923077,0.730090,0.964312,0.923077,0.625532,0.833333,1.000000,1.000000,1.399236,0.729390
S1_Grao_2,3,1053,0,434,54,493,254.534055,1053.000000,51.215834,56.231115,115.032118,38.000000,20.660714,59.000000,53.000000,36.615861,179.994949,2310.000000,191.278715,69.678353,51.819635,61.715099,60.808026,51.215834,56.231115,2.212722,1.184464,0.365635,1.839239,0.204243,1.344632,0.751486,0.455844,0.451932,0.898305,0.101695,0.707155,0.455844,0.743698,0.707155,0.455844,0.352011,0.365635,0.910810,1.097924,0.204243,0.026288
S1_Grao_2,7,61,0,805,12,815,20.384776,48.000000,10.000000,12.000000,24.559841,8.000000,4.692308,12.000000,10.000000,7.817640,29.556349,54.000000,40.727655,9.095137,8.027341,14.142136,14.416399,10.000000,12.000000,0.830004,0.463290,0.400000,1.704918,1.451574,1.133020,1.997945,0.888889,1.204813,0.833333,0.166667,1.449923,0.888889,0.882597,1.449923,0.888889,0.305577,0.400000,0.833333,1.200000,1.451574,0.177427
S1_Grao_2,12,1665,0,1359,57,1404,160.551299,1665.000000,38.579787,63.561781,144.647873,61.000000,25.738462,56.000000,53.000000,46.042848,145.639610,1961.000000,184.442453,64.816115,36.264264,65.734314,66.733792,38.579787,63.561781,1.109946,0.785925,0.678982,2.369994,0.811702,1.787327,1.148807,0.849057,0.900945,0.946429,0.053571,0.907122,0.849057,0.559495,0.907122,0.849057,0.490614,0.678982,0.606965,1.647541,0.811702,0.270393
S1_Grao_2,13,73,6,1160,19,1169,37.698485,73.000000,5.889696,13.187799,30.287705,13.000000,5.071429,12.000000,8.000000,9.640876,36.870058,80.000000,36.950508,14.921675,6.425580,13.928388,14.928274,5.889696,13.187799,1.244679,0.988035,0.939848,2.563380,0.645483,2.322230,0.980159,0.912500,0.803420,0.666667,0.333333,0.978025,0.912500,0.430621,0.978025,0.912500,0.479106,0.939848,0.446602,2.239130,0.645483,0.290652
S1_Grao_2,15,75,10,347,21,356,35.698485,75.000000,8.485281,9.192388,30.699801,10.000000,7.800000,11.000000,8.000000,9.772050,34.041631,81.000000,32.603389,11.017600,8.965190,11.226445,12.180275,8.485281,9.192388,1.162825,1.009706,0.961538,1.282051,0.739557,1.228931,0.913299,0.925926,0.859975,0.727273,0.272727,0.953588,0.925926,0.813715,0.953588,0.925926,0.757682,0.961538,0.923077,1.083333,0.739557,0.538797
S1_Grao_2,17,330,10,1308,46,1337,105.438600,330.000000,11.446843,41.445465,64.396446,42.000000,7.904762,40.000000,17.000000,20.498026,101.195959,438.000000,107.538066,46.980530,11.014866,41.692148,42.677149,11.446843,41.445465,1.637336,0.996729,0.695587,5.313253,0.373013,4.265193,1.019912,0.753425,0.610748,0.425000,0.575000,0.959762,0.753425,0.234456,0.959762,0.753425,0.241722,0.695587,0.276190,3.620690,0.373013,0.062718
S1_Grao_2,18,169,11,861,29,874,58.426407,169.000000,11.605779,18.656019,46.083800,19.000000,8.947368,17.000000,15.000000,14.668929,54.284271,198.000000,53.433877,19.810210,11.598121,18.681542,19.681542,11.605779,18.656019,1.267830,0.965349,0.780537,2.123529,0.622126,1.708053,0.914550,0.853535,0.788750,0.882353,0.117647,0.929105,0.853535,0.585462,0.929105,0.853535,0.616554,0.780537,0.622093,1.607477,0.622126,0.299394
S1_Grao_2,20,111,14,163,26,180,51.012193,111.000000,9.192388,16.970563,37.347920,16.000000,6.000000,16.000000,11.000000,11.888212,48.526912,132.000000,47.881636,18.463988,8.494511,18.384776,19.384736,9.192388,16.970563,1.365864,0.974894,0.711538,2.666667,0.536025,2.173638,0.938631,0.840909,0.732137,0.687500,0.312500,0.951281,0.840909,0.460058,0.951281,0.840909,0.418135,0.711538,0.541667,1.846154,0.536025,0.159478
S1_Grao_2,21,682,14,1030,69,1062,152.894444,612.000000,20.138363,57.089012,87.696173,40.000000,13.344828,45.000000,40.000000,27.914559,142.267027,764.000000,140.898573,48.126853,18.982126,57.567352,58.567248,20.138363,57.089012,1.743456,0.989898,0.532322,2.997416,0.328986,2.535377,0.921541,0.801047,0.573573,0.888889,0.111111,0.930492,0.801047,0.394419,0.930492,0.801047,0.235131,0.532322,0.352754,2.834839,0.328986,0.041178
S1_Grao_2,22,152,16,1097,31,1115,62.325902,152.000000,14.849242,16.970563,43.704557,17.000000,9.117647,17.000000,17.000000,13.911593,56.526912,196.000000,59.721466,16.845880,14.620295,19.257981,19.000000,14.849242,16.970563,1.426073,0.979357,0.603175,1.864516,0.491718,1.152226,0.958213,0.775510,0.701226,1.000000,0.000000,0.906957,0.775510,0.867886,0.906957,0.775510,0.521834,0.603175,0.875000,1.142857,0.491718,0.154772
S1_Grao_2,24,409,19,1526,68,1540,138.651804,409.000000,14.000000,49.000000,71.691322,45.000000,8.320000,49.000000,14.000000,22.820056,115.941125,589.000000,120.718532,52.117662,12.561994,49.040799,50.040602,14.000000,49.000000,1.934011,1.100411,0.596210,5.408654,0.267351,4.148837,0.870660,0.694397,0.517060,0.285714,0.714286,0.836204,0.694397,0.241031,0.836204,0.694397,0.216530,0.596210,0.285714,3.500000,0.267351,0.034514
S1_Grao_2,25,61,27,1293,36,1303,32.041631,61.000000,6.363961,9.899495,27.686614,10.000000,5.600000,10.000000,7.000000,8.812923,32.041631,67.000000,30.051409,11.518304,6.966769,10.770330,11.770265,6.363961,9.899495,1.157297,0.985081,0.968254,1.785714,0.746639,1.653321,0.937886,0.910448,0.864083,0.700000,0.300000,1.000000,0.910448,0.604843,1.000000,0.910448,0.669548,0.968254,0.642857,1.555556,0.746639,0.484041
S1_Grao_2,31,35383,36,498,345,793,1229.457070,35383.000000,165.890799,381.205622,666.810236,371.000000,94.646597,381.000000,171.000000,212.252290,958.354473,48817.000000,971.510367,354.929228,148.668997,381.352231,382.316515,165.890799,381.205622,1.843789,1.123620,0.559517,3.919845,0.294156,2.387379,0.790195,0.724809,0.542362,0.448819,0.551181,0.779494,0.724809,0.418869,0.779494,0.724809,0.309779,0.559517,0.435174,2.297931,0.294156,0.050985
S1_Grao_2,32,522,38,118,82,167,166.350288,522.000000,19.172414,63.068966,80.991638,60.000000,8.285714,63.000000,23.000000,25.780439,148.409163,813.000000,159.952177,62.932677,14.602459,63.253458,64.253313,19.172414,63.068966,2.053919,1.011354,0.431696,7.241379,0.237046,4.309731,0.961538,0.642066,0.486874,0.365079,0.634921,0.892149,0.642066,0.232033,0.892149,0.642066,0.166116,0.431696,0.303991,3.289568,0.237046,0.016999
S1_Grao_2,34,60,39,1248,50,1259,35.112698,60.000000,4.242641,12.727922,27.458737,13.000000,4.307692,12.000000,5.000000,8.740387,35.112698,63.000000,33.314899,15.160556,5.214274,13.038405,14.038403,4.242641,12.727922,1.278744,1.034518,1.111111,3.017857,0.611551,2.907510,0.948799,0.952381,0.782017,0.416667,0.583333,1.000000,0.952381,0.343937,1.000000,0.952381,0.449379,1.111111,0.333333,3.000000,0.611551,0.305353
S1_Grao_2,36,363,43,1088,71,1109,89.296465,363.000000,19.798990,24.748737,67.539563,23.000000,14.840000,26.000000,22.000000,21.498511,80.325902,426.000000,79.164549,25.141190,19.426607,28.160256,29.160198,19.798990,24.748737,1.322136,1.002256,0.740816,1.549865,0.572068,1.294163,0.886536,0.852113,0.756352,0.846154,0.153846,0.899542,0.852113,0.772700,0.899542,0.852113,0.582832,0.740816,0.800000,1.250000,0.572068,0.247003
S1_Grao_2,38,74,45,11,56,25,42.183766,74.000000,5.723989,14.521971,30.494449,15.000000,4.866667,13.000000,10.000000,9.706685,40.526912,90.000000,42.729463,17.046072,6.064158,14.866069,15.866019,5.723989,14.521971,1.383326,1.041782,0.890241,3.082192,0.522578,2.810954,1.012936,0.822222,0.722895,0.769231,0.230769,0.960723,0.822222,0.355751,0.960723,0.822222,0.426334,0.890241,0.394161,2.537037,0.522578,0.198339
S1_Grao_2,39,229,45,524,61,556,83.982756,229.000000,9.216354,32.596788,53.644188,31.000000,6.787879,27.000000,22.000000,17.075475,80.669048,284.000000,80.907021,36.397246,8.882226,32.984845,33.984639,9.216354,32.596788,1.565552,1.004263,0.762257,4.566964,0.408005,4.097762,0.963377,0.806338,0.638752,0.814815,0.185185,0.960543,0.806338,0.244036,0.960543,0.806338,0.267989,0.762257,0.282738,3.536842,0.408005,0.083346
S1_Grao_2,41,143,49,484,64,505,60.911688,143.000000,8.068934,23.329743,42.390931,23.000000,6.041667,22.000000,10.000000,13.493452,58.426407,163.000000,59.544269,24.861033,7.943399,23.706539,24.706350,8.068934,23.329743,1.436904,0.969972,0.759644,3.806897,0.484334,3.129773,0.977551,0.877301,0.695941,0.454545,0.545455,0.959199,0.877301,0.319512,0.959199,0.877301,0.323974,0.759644,0.345865,2.891304,0.484334,0.119197
S1_Grao_2,42,330,56,457,87,480,92.124892,330.000000,13.651198,34.009082,64.396446,35.000000,9.542857,29.000000,25.000000,20.498026,87.982756,413.000000,88.919358,37.324644,12.646760,34.014703,35.014694,13.651198,34.009082,1.430590,0.966475,0.710801,3.667665,0.488618,2.951321,0.965204,0.799031,0.699012,0.862069,0.137931,0.955038,0.799031,0.338831,0.955038,0.799031,0.363154,0.710801,0.401399,2.491289,0.488618,0.126127
S1_Grao_2,43,150,56,1202,82,1217,71.740115,150.000000,8.098894,28.212630,43.416075,29.000000,5.310345,22.000000,20.000000,13.819766,68.426407,195.000000,65.073943,30.500225,7.366019,28.231188,29.231163,8.098894,28.212630,1.652386,0.987842,0.656481,5.461039,0.366249,4.140666,0.907079,0.769231,0.605185,0.909091,0.090909,0.953810,0.769231,0.241507,0.953810,0.769231,0.239631,0.656481,0.287066,3.483516,0.366249,0.057616
S1_Grao_2,45,346,60,370,99,409,126.409163,346.000000,10.523011,51.738137,65.939095,49.000000,6.711538,52.000000,13.000000,20.989066,119.580736,490.000000,123.247639,58.706542,9.670858,51.744588,52.739714,10.523011,51.738137,1.917059,1.015153,0.635514,7.300860,0.272100,6.070458,0.974990,0.706122,0.521632,0.250000,0.750000,0.945982,0.706122,0.164732,0.945982,0.706122,0.164534,0.635514,0.203390,4.916667,0.272100,0.028452
S1_Grao_2,48,672,70,1503,118,1558,186.936075,672.000000,26.070909,65.177273,91.894510,42.000000,10.424242,64.000000,31.000000,29.250931,150.308658,1344.000000,179.831355,81.122566,23.259094,65.215029,66.215004,26.070909,65.177273,2.034246,1.024328,0.395473,4.029070,0.241653,3.487778,0.961994,0.500000,0.491583,0.484375,0.515625,0.804064,0.500000,0.286715,0.804064,0.500000,0.201180,0.395473,0.400000,2.500000,0.241653,0.019226
S1_Grao_2,50,60,75,301,85,311,33.698485,60.000000,5.656854,10.606602,27.458737,11.000000,5.545455,11.000000,6.000000,8.740387,32.870058,66.000000,33.350599,12.142087,6.640679,11.180340,12.180333,5.656854,10.606602,1.227241,1.036019,1.000000,1.983607,0.663958,1.828441,0.989677,0.909091,0.814836,0.545455,0.454545,0.975416,0.909091,0.546914,0.975416,0.909091,0.611155,1.000000,0.533333,1.875000,0.663958,0.405781
S1_Grao_2,52,154,77,262,94,282,72.468037,154.000000,14.849242,18.384776,43.991148,16.000000,8.684211,19.000000,16.000000,14.002817,61.012193,231.000000,61.358182,20.139585,14.215367,20.345535,21.248301,14.849242,18.384776,1.647332,1.090269,0.564103,1.842424,0.368500,1.416747,0.846693,0.666667,0.607042,0.842105,0.157895,0.841919,0.666667,0.705842,0.841919,0.666667,0.473688,0.564103,0.807692,1.238095,0.368500,0.098466
S1_Grao_2,54,563,81,1282,107,1317,116.610173,563.000000,26.613998,33.681615,84.112227,33.000000,16.457143,32.000000,31.000000,26.773753,105.497475,652.000000,108.241337,36.677558,22.006407,38.910153,39.909792,26.613998,33.681615,1.386364,0.966987,0.628066,2.005208,0.520290,1.666676,0.928232,0.863497,0.721311,0.968750,0.031250,0.904702,0.863497,0.599997,0.904702,0.863497,0.473470,0.628066,0.790164,1.265560,0.520290,0.154719
S1_Grao_2,56,730,84,401,140,455,189.622366,730.000000,27.718516,69.893540,95.778132,43.000000,10.253521,70.000000,28.000000,30.487126,175.379726,1315.000000,189.445120,79.368740,23.922030,70.000000,70.999726,27.718516,69.893540,1.979809,0.971306,0.376804,4.193681,0.255125,3.317810,0.999065,0.555133,0.505099,0.400000,0.600000,0.924889,0.555133,0.301404,0.924889,0.555133,0.189687,0.376804,0.396582,2.521547,0.255125,0.018235
S1_Grao_2,57,161,93,1358,112,1373,56.083261,161.000000,12.020815,16.263456,44.979836,16.000000,9.470588,15.000000,15.000000,14.317527,54.426407,179.000000,54.979259,18.082332,12.232410,19.416488,20.416451,12.020815,16.263456,1.246853,0.991421,0.823529,1.689441,0.643234,1.478231,0.980315,0.899441,0.802019,1.000000,0.000000,0.970457,0.899441,0.676484,0.970457,0.899441,0.543744,0.823529,0.739130,1.352941,0.643234,0.288033
S1_Grao_2,59,126,101,362,118,375,50.183766,126.000000,7.778175,18.384776,39.791490,19.000000,6.631579,18.000000,10.000000,12.666025,49.355339,136.000000,47.605397,20.601421,7.956781,19.235384,20.235353,7.778175,18.384776,1.261168,0.959062,0.881119,2.865079,0.628715,2.589165,0.948621,0.926471,0.792916,0.555556,0.444444,0.983492,0.926471,0.386225,0.983492,0.926471,0.433590,0.881119,0.423077,2.363636,0.628715,0.240197
S1_Grao_2,60,65,101,1442,108,1453,32.041631,65.000000,7.778175,8.485281,28.579960,9.000000,7.333333,11.000000,7.000000,9.097284,31.213203,67.000000,28.834968,10.902224,7.760175,11.045361,12.045297,7.778175,8.485281,1.121122,0.985081,0.984848,1.227273,0.795599,1.404894,0.899922,0.970149,0.891963,0.636364,0.363636,0.974145,0.970149,0.711797,0.974145,0.970149,0.678365,0.984848,0.916667,1.090909,0.795599,0.531529
S1_Grao_2,62,15287,103,799,362,1006,1185.214429,15287.000000,148.331987,233.309011,438.294544,98.000000,71.102564,226.000000,205.000000,139.513487,719.259018,30592.000000,751.895198,273.398390,137.765789,260.621084,261.617615,148.331987,233.309011,2.704151,1.552787,0.441729,1.378291,0.136753,1.984516,0.634396,0.499706,0.369802,0.907080,0.092920,0.606860,0.499706,0.503901,0.606860,0.499706,0.286558,0.441729,0.635775,1.572884,0.136753,0.017310
S1_Grao_2,64,1287,110,1199,155,1283,264.291414,1287.000000,34.361208,81.744298,127.172792,66.000000,15.819277,79.000000,55.000000,40.480357,215.137085,2223.000000,226.855008,86.246411,29.151539,84.380092,85.379835,34.361208,81.744298,2.078207,1.138152,0.458197,4.172125,0.231538,2.958554,0.858352,0.578947,0.481184,0.696203,0.303797,0.814015,0.578947,0.338003,0.814015,0.578947,0.230149,0.458197,0.420350,2.378970,0.231538,0.024417
S1_Grao_2,65,1952,111,1005,187,1112,375.085353,1952.000000,44.665696,118.067364,156.619141,108.000000,16.781513,107.000000,60.000000,49.853421,290.333044,3796.000000,297.693979,119.908889,31.187858,119.570902,120.569905,44.665696,118.067364,2.394888,1.152456,0.370148,6.435653,0.174353,3.844730,0.793670,0.514226,0.417556,0.560748,0.439252,0.774045,0.514226,0.260096,0.774045,0.514226,0.173836,0.370148,0.378307,2.643357,0.174353,0.011219
S1_Grao_2,67,93,120,530,129,547,51.254834,93.000000,8.356290,17.269666,34.185852,17.000000,5.222222,15.000000,11.000000,10.881695,45.455844,119.000000,44.461014,17.557878,8.061263,17.464249,18.464239,8.356290,17.269666,1.499300,1.000057,0.644444,3.255319,0.444860,2.178056,0.867450,0.781513,0.666978,0.733333,0.266667,0.886860,0.781513,0.459125,0.886860,0.781513,0.388234,0.644444,0.483871,2.066667,0.444860,0.111302
S1_Grao_2,68,713,121,298,150,332,110.124892,713.000000,27.577164,33.941125,94.656338,33.000000,21.058824,33.000000,30.000000,30.130048,105.982756,765.000000,103.264580,34.713804,26.649408,35.846897,36.846896,27.577164,33.941125,1.163418,0.895058,0.761752,1.567039,0.738803,1.302611,0.937704,0.932026,0.859536,0.909091,0.090909,0.962387,0.932026,0.767689,0.962387,0.932026,0.706475,0.761752,0.812500,1.230769,0.738803,0.397593
S1_Grao_2,71,1431,131,462,196,522,225.605122,1431.000000,36.734254,78.234661,134.098756,78.000000,18.164557,78.000000,41.000000,42.684960,204.208153,1912.000000,221.020952,75.169101,31.884967,78.644771,79.644515,36.734254,78.234661,1.682380,0.981157,0.497931,4.294077,0.353306,2.357509,0.979681,0.748431,0.594396,0.525641,0.474359,0.905157,0.748431,0.424177,0.905157,0.748431,0.294585,0.497931,0.469539,2.129747,0.353306,0.051824
S1_Grao_2,73,910,135,176,193,226,233.605122,910.000000,42.870987,61.109788,106.936417,51.000000,15.564516,59.000000,54.000000,34.038919,179.580736,1860.000000,198.829629,63.972693,39.023679,64.404969,62.220891,42.870987,61.109788,2.184524,1.123309,0.347350,3.276684,0.209549,1.639330,0.851136,0.489247,0.457766,0.915254,0.084746,0.768736,0.489247,0.610005,0.768736,0.489247,0.279327,0.347350,0.701540,1.425435,0.209549,0.020331
S1_Grao_2,74,1270,138,904,188,962,242.877200,1270.000000,36.704223,64.581124,126.330086,59.000000,20.830769,62.000000,52.000000,40.212115,183.095454,1934.000000,190.574867,72.014452,32.081653,67.801180,68.800545,36.704223,64.581124,1.922560,1.198975,0.535775,2.832349,0.270545,2.244724,0.784655,0.656670,0.520140,0.838710,0.161290,0.753860,0.656670,0.445489,0.753860,0.656670,0.351754,0.535775,0.568343,1.759501,0.270545,0.050987
S1_Grao_2,75,63,143,963,151,973,30.627417,63.000000,7.071068,8.485281,28.136833,10.000000,6.500000,9.000000,9.000000,8.956232,30.627417,65.000000,28.202980,10.445397,7.868615,10.198039,11.197983,7.071068,8.485281,1.088517,0.984402,1.050000,1.538462,0.843975,1.327476,0.920841,0.969231,0.918681,1.000000,0.000000,1.000000,0.969231,0.753309,1.000000,0.969231,0.771289,1.050000,0.833333,1.200000,0.843975,0.683497
S1_Grao_2,77,50,146,1286,153,1296,30.627417,50.000000,6.363961,9.192388,25.066283,10.000000,4.800000,9.000000,8.000000,7.978846,29.798990,58.000000,28.617923,11.408729,6.114974,10.440307,11.440243,6.363961,9.192388,1.221857,0.984402,0.854701,2.083333,0.669822,1.865704,0.934389,0.862069,0.818426,0.888889,0.111111,0.972951,0.862069,0.535991,0.972951,0.862069,0.584055,0.854701,0.692308,1.444444,0.669822,0.334370
S1_Grao_2,78,879,147,106,175,182,223.220346,879.000000,23.193871,76.139673,105.099190,72.000000,11.818182,74.000000,37.000000,33.454111,186.811183,1574.000000,197.780954,90.379634,18.546455,76.418855,77.295172,23.193871,76.139673,2.123902,1.123590,0.497742,6.092308,0.221682,4.873149,0.886035,0.558450,0.470832,0.500000,0.500000,0.836891,0.558450,0.205206,0.836891,0.558450,0.191645,0.497742,0.304623,3.282750,0.221682,0.021146
S1_Grao_2,79,100,150,1171,161,1189,49.597980,100.000000,9.899495,15.556349,35.449077,14.000000,5.875000,16.000000,12.000000,11.283792,47.941125,121.000000,49.391808,18.915669,7.980318,18.439089,19.439087,9.899495,15.556349,1.399133,0.974196,0.649351,2.382979,0.510836,2.370290,0.995843,0.826446,0.714728,0.750000,0.250000,0.966594,0.826446,0.421889,0.966594,0.826446,0.374482,0.649351,0.636364,1.571429,0.510836,0.124220
S1_Grao_2,80,373,151,427,186,460,124.651804,373.000000,14.657365,44.164322,68.463539,43.000000,8.400000,44.000000,22.000000,21.792621,110.124892,551.000000,114.056821,49.811285,13.104830,44.204072,45.204039,14.657365,44.164322,1.820703,1.059574,0.576211,5.119048,0.301663,3.800987,0.915003,0.676951,0.549238,0.500000,0.500000,0.883460,0.676951,0.263090,0.883460,0.676951,0.243049,0.576211,0.331882,3.013115,0.301663,0.042247
S1_Grao_2,81,601,156,1275,238,1297,192.509668,601.000000,11.822710,83.084365,86.904481,79.000000,7.240964,77.000000,36.000000,27.662555,185.053824,854.000000,179.343560,88.844214,10.212066,83.186537,84.186213,11.822710,83.084365,2.215187,1.014201,0.611840,10.910150,0.203788,8.699925,0.931608,0.703747,0.451429,0.467532,0.532468,0.961270,0.703747,0.114944,0.961270,0.703747,0.110580,0.611840,0.142298,7.027523,0.203788,0.013788
S1_Grao_2,82,111,159,49,168,70,59.254834,111.000000,8.545825,21.021482,37.347920,19.000000,5.045455,20.000000,10.000000,11.888212,53.455844,163.000000,52.819372,23.157200,8.250871,21.023796,22.023724,8.545825,21.021482,1.586563,1.002033,0.617882,3.765766,0.397270,2.806637,0.891393,0.680982,0.630293,0.500000,0.500000,0.902135,0.680982,0.356298,0.902135,0.680982,0.319750,0.617882,0.406528,2.459854,0.397270,0.078488
S1_Grao_2,83,214,159,1516,180,1543,77.053824,214.000000,9.893615,28.608629,51.857529,28.000000,7.068966,27.000000,14.000000,16.506764,74.811183,256.000000,76.573658,33.163345,9.253093,29.966648,30.966492,9.893615,28.608629,1.485875,1.000641,0.756070,3.960976,0.452934,3.584028,0.993768,0.835938,0.673004,0.518519,0.481481,0.970895,0.835938,0.279016,0.970895,0.835938,0.303422,0.756070,0.345826,2.891626,0.452934,0.103907
S1_Grao_2,84,82,162,10,170,27,49.597980,82.000000,6.575959,17.097495,32.100505,17.000000,4.500000,17.000000,9.000000,10.217908,44.627417,115.000000,41.620764,20.205763,6.439272,17.117243,18.117083,6.575959,17.097495,1.545084,1.047544,0.729327,3.777778,0.418886,3.137896,0.839162,0.713043,0.647214,0.529412,0.470588,0.899783,0.713043,0.318685,0.899783,0.713043,0.356333,0.729327,0.384615,2.600000,0.418886,0.108862
S1_Grao_2,87,339,166,1151,181,1193,108.710678,339.000000,11.587652,42.578673,65.268673,43.000000,7.906977,40.000000,18.000000,20.775664,100.426407,443.000000,97.270232,46.447875,11.136863,42.579338,43.579128,11.587652,42.578673,1.665587,1.003490,0.687088,5.438235,0.360467,4.170643,0.894762,0.765237,0.600389,0.450000,0.550000,0.923795,0.765237,0.239771,0.923795,0.765237,0.238074,0.687088,0.272147,3.674487,0.360467,0.058964
S1_Grao_2,88,405,170,249,194,282,119.823376,405.000000,21.136794,35.227989,71.339891,32.000000,11.361111,30.000000,27.000000,22.708193,99.840620,578.000000,100.519992,35.029882,18.764338,36.715120,37.715015,21.136794,35.227989,1.679613,1.062928,0.543911,2.816626,0.354472,1.866833,0.838901,0.700692,0.595375,0.900000,0.100000,0.833232,0.700692,0.535667,0.833232,0.700692,0.382539,0.543911,0.600000,1.666667,0.354472,0.073754
S1_Grao_2,90,53,173,89,183,101,38.526912,53.000000,5.000000,13.200000,25.807318,13.000000,3.785714,13.000000,8.000000,8.214724,36.284271,70.000000,36.308667,15.861597,5.318579,13.416408,14.416330,5.000000,13.200000,1.492868,1.058432,0.803030,3.433962,0.448701,2.982300,0.942424,0.757143,0.669852,0.615385,0.384615,0.941790,0.757143,0.335312,0.941790,0.757143,0.374898,0.803030,0.378788,2.640000,0.448701,0.135084
S1_Grao_2,92,127,173,343,185,359,50.183766,127.000000,11.313708,14.849242,39.949081,15.000000,8.400000,13.000000,13.000000,12.716187,47.698485,145.000000,48.162460,16.680595,10.498655,16.763055,17.763000,11.313708,14.849242,1.256193,0.959062,0.755952,1.785714,0.633705,1.588832,0.959722,0.875862,0.796056,1.000000,0.000000,0.950476,0.875862,0.629393,0.950476,0.875862,0.575450,0.755952,0.761905,1.312500,0.633705,0.275670
S1_Grao_2,95,4196,187,79,260,201,426.499567,4196.000000,71.686008,119.722130,229.626852,110.000000,35.528926,122.000000,73.000000,73.092497,340.693434,6902.000000,339.878307,120.025478,55.219844,126.384334,127.384120,71.686008,119.722130,1.857359,1.114110,0.488907,3.096069,0.289873,2.173593,0.796902,0.607940,0.538399,0.598361,0.401639,0.798813,0.607940,0.460068,0.798813,0.607940,0.334471,0.488907,0.598770,1.670091,0.289873,0.047402
S1_Grao_2,96,79,187,1552,204,1558,28.213203,79.000000,6.000000,17.000000,31.507829,14.000000,4.388889,15.000000,9.000000,10.029253,27.384776,84.000000,41.069952,17.360097,6.033969,17.464249,18.464095,6.000000,17.000000,0.895435,0.613331,0.774510,3.189873,1.247189,2.877061,1.455700,0.940476,1.116776,0.600000,0.400000,0.970637,0.940476,0.347577,0.970637,0.940476,0.329790,0.774510,0.352941,2.833333,1.247189,0.318564
S1_Grao_2,97,169,192,357,226,363,85.740115,169.000000,6.000000,34.000000,46.083800,35.000000,4.828571,34.000000,7.000000,14.668929,75.798990,208.000000,79.471568,36.362672,6.424800,34.000000,35.000000,6.000000,34.000000,1.860526,1.071751,0.828431,7.248521,0.288887,5.659736,0.926889,0.812500,0.537482,0.205882,0.794118,0.884055,0.812500,0.176687,0.884055,0.812500,0.186140,0.828431,0.176471,5.666667,0.288887,0.044548
S1_Grao_2,98,61,193,322,203,336,44.426407,61.000000,5.144958,15.091875,27.686614,16.000000,3.875000,13.000000,10.000000,8.812923,40.284271,84.000000,40.242280,18.353099,5.154332,15.231546,16.231418,5.144958,15.091875,1.604617,1.097662,0.785606,4.129032,0.388380,3.560713,0.905819,0.726190,0.623202,0.769231,0.230769,0.906764,0.726190,0.280843,0.906764,0.726190,0.334774,0.785606,0.340909,2.933333,0.388380,0.102144
S1_Grao_2,99,150,194,206,220,217,71.740115,150.000000,10.198039,26.083446,43.416075,23.000000,5.629630,24.000000,12.000000,13.819766,65.112698,221.000000,66.288180,28.398461,9.374309,26.172505,27.172297,10.198039,26.083446,1.652386,0.988660,0.563910,4.085526,0.366249,3.029393,0.924004,0.678733,0.605185,0.500000,0.500000,0.907619,0.678733,0.330099,0.907619,0.678733,0.278812,0.563910,0.390977,2.557692,0.366249,0.057583
S1_Grao_2,100,114,199,286,214,299,46.183766,114.000000,8.485281,14.849242,37.849257,16.000000,7.250000,15.000000,10.000000,12.047793,45.355339,124.000000,45.848723,16.835905,9.105084,16.155494,17.155397,8.485281,14.849242,1.220203,0.989602,0.904762,2.206897,0.671639,1.849066,0.992745,0.919355,0.819536,0.666667,0.333333,0.982062,0.919355,0.540813,0.982062,0.919355,0.556128,0.904762,0.571429,1.750000,0.671639,0.337944
S1_Grao_2,103,1083,220,220,254,306,273.889394,1083.000000,31.466475,85.509008,116.659245,62.000000,12.931034,86.000000,38.000000,37.133791,211.781746,2093.000000,216.136832,94.371504,23.780389,86.209048,87.209048,31.466475,85.509008,2.347773,1.170713,0.402502,4.794667,0.181421,3.968459,0.789139,0.517439,0.425936,0.441860,0.558140,0.773238,0.517439,0.251987,0.773238,0.517439,0.185538,0.402502,0.367990,2.717464,0.181421,0.013548
S1_Grao_2,105,460,226,1020,249,1050,99.296465,460.000000,20.871033,28.144271,76.029800,28.000000,16.607143,28.000000,27.000000,24.201037,90.083261,530.000000,89.261499,30.515182,20.757649,30.265492,31.265488,20.871033,28.144271,1.306020,1.012913,0.783112,1.686022,0.586273,1.470069,0.898939,0.867925,0.765685,0.964286,0.035714,0.907215,0.867925,0.680240,0.907215,0.867925,0.639400,0.783112,0.741573,1.348485,0.586273,0.293560
S1_Grao_2,106,641,227,1221,302,1291,242.877200,641.000000,21.761487,96.485345,89.749895,57.000000,6.546392,96.000000,31.000000,28.568279,222.534055,1690.000000,240.829188,118.867088,20.093403,96.674712,97.674601,21.761487,96.485345,2.706156,1.026992,0.305287,8.707087,0.136551,5.915727,0.991568,0.379290,0.369528,0.322917,0.677083,0.916241,0.379290,0.169041,0.916241,0.379290,0.087326,0.305287,0.225542,4.433766,0.136551,0.003640
S1_Grao_2,107,96,230,1200,245,1209,45.355339,96.000000,8.049845,15.652476,34.732860,16.000000,5.875000,12.000000,12.000000,11.055813,42.041631,109.000000,42.197085,16.420728,8.075940,15.811388,16.811348,8.049845,15.652476,1.305834,0.956770,0.761905,2.723404,0.586441,2.033290,0.930366,0.880734,0.765794,1.000000,0.000000,0.926939,0.880734,0.491814,0.926939,0.880734,0.488924,0.761905,0.514286,1.944444,0.586441,0.218457
S1_Grao_2,111,59,241,924,251,933,32.041631,59.000000,5.656854,10.606602,27.228953,11.000000,5.090909,10.000000,6.000000,8.667245,32.041631,63.000000,30.957812,12.046732,6.468988,11.180340,12.180333,5.656854,10.606602,1.176749,0.985081,0.983333,2.160714,0.722159,1.862228,0.966175,0.936508,0.849799,0.600000,0.400000,1.000000,0.936508,0.536991,1.000000,0.936508,0.600969,0.983333,0.533333,1.875000,0.722159,0.426762
S1_Grao_2,115,873,253,1143,293,1189,149.722871,873.000000,27.954269,50.763581,104.739876,43.000000,16.730769,53.000000,28.000000,33.339738,141.438600,1076.000000,143.022197,50.671108,23.917551,54.918121,55.918074,27.954269,50.763581,1.429473,0.951010,0.615196,2.570115,0.489382,2.118574,0.955246,0.811338,0.699558,0.528302,0.471698,0.944669,0.811338,0.472016,0.944669,0.811338,0.368547,0.615196,0.550676,1.815951,0.489382,0.110957
S1_Grao_2,116,1645,255,314,340,364,336.658946,1645.000000,50.000000,85.000000,143.776492,62.000000,20.779070,82.000000,61.000000,45.765479,232.409163,3061.000000,241.940199,93.907444,34.234909,86.370430,87.347981,50.000000,85.000000,2.341544,1.246885,0.387059,2.983772,0.182388,2.743032,0.718651,0.537406,0.427069,0.743902,0.256098,0.690340,0.537406,0.364560,0.690340,0.537406,0.280767,0.387059,0.588235,1.700000,0.182388,0.019821
S1_Grao_2,118,62,266,374,284,384,50.426407,62.000000,4.162919,18.885439,27.912631,19.000000,3.368421,15.000000,13.000000,8.884866,47.112698,90.000000,48.317184,22.638305,4.327197,18.973666,19.973664,4.162919,18.885439,1.806580,1.093926,0.788618,5.640625,0.306398,5.231632,0.958172,0.688889,0.553532,0.866667,0.133333,0.934286,0.688889,0.191145,0.934286,0.688889,0.219280,0.788618,0.220430,4.536585,0.306398,0.052985
S1_Grao_2,119,289,266,1043,290,1060,78.568542,289.000000,17.062104,23.730052,60.263431,22.000000,12.000000,23.000000,17.000000,19.182446,70.769553,331.000000,70.513119,21.906889,17.845938,24.209024,25.020803,17.062104,23.730052,1.303752,0.963035,0.713784,1.833333,0.588316,1.227556,0.897473,0.873112,0.767017,0.739130,0.260870,0.900736,0.873112,0.814627,0.900736,0.873112,0.627846,0.713784,0.719008,1.390805,0.588316,0.263652
S1_Grao_2,120,435,267,442,298,471,142.651804,435.000000,27.511816,30.357866,73.934912,25.000000,15.129032,33.000000,30.000000,23.534213,105.254834,731.000000,105.949734,37.269841,27.117850,34.130531,34.837802,27.511816,30.357866,1.929424,1.232526,0.520833,1.652452,0.268624,1.374366,0.742716,0.595075,0.518289,0.909091,0.090909,0.737844,0.595075,0.727608,0.737844,0.595075,0.475459,0.520833,0.906250,1.103448,0.268624,0.066521
S1_Grao_2,121,119,267,1312,283,1324,50.769553,119.000000,8.834545,16.772831,38.670378,17.000000,6.611111,15.000000,10.000000,12.309163,47.112698,137.000000,45.571991,18.161951,8.933364,17.464249,18.464167,8.834545,16.772831,1.312880,0.991307,0.803076,2.571429,0.580163,2.033047,0.897624,0.868613,0.761684,0.666667,0.333333,0.927972,0.868613,0.491872,0.927972,0.868613,0.496772,0.803076,0.526718,1.898551,0.580163,0.231454
S1_Grao_2,123,159,284,272,296,295,62.669048,159.000000,9.848691,23.304752,44.699585,23.000000,6.666667,21.000000,15.000000,14.228320,59.355339,196.000000,58.300878,24.775963,9.596989,23.345235,24.345179,9.848691,23.304752,1.402005,0.945136,0.692746,3.450000,0.508746,2.581639,0.930298,0.811224,0.713264,0.714286,0.285714,0.947124,0.811224,0.387351,0.947124,0.811224,0.371459,0.692746,0.422604,2.366279,0.508746,0.130914
S1_Grao_2,124,166,284,680,302,705,68.568542,166.000000,7.778175,27.577164,45.672941,25.000000,5.714286,27.000000,13.000000,14.538149,67.740115,186.000000,65.742752,29.752642,7.324009,28.653098,29.652827,7.778175,27.577164,1.501295,0.969706,0.773893,4.375000,0.443678,4.062343,0.958789,0.892473,0.666092,0.481481,0.518519,0.987918,0.892473,0.246163,0.987918,0.892473,0.257439,0.773893,0.282051,3.545455,0.443678,0.088394
S1_Grao_2,128,271,292,1203,324,1233,112.267027,271.000000,12.480754,41.047815,58.356546,39.000000,6.452381,40.000000,20.000000,18.575465,101.053824,448.000000,102.001443,45.326126,11.658544,41.231056,42.230998,12.480754,41.047815,1.923812,1.048665,0.528979,6.044280,0.270193,3.887803,0.908561,0.604911,0.519801,0.500000,0.500000,0.900120,0.604911,0.257215,0.900120,0.604911,0.202969,0.528979,0.304054,3.288889,0.270193,0.029010
S1_Grao_2,129,57,296,298,305,310,34.870058,57.000000,4.713320,12.899612,26.763466,14.000000,4.142857,11.000000,8.000000,8.519076,34.870058,66.000000,33.212165,14.897783,5.130735,13.000000,13.999969,4.713320,12.899612,1.302898,0.989899,0.937500,3.379310,0.589087,2.903635,0.952455,0.863636,0.767520,0.727273,0.272727,1.000000,0.863636,0.344396,1.000000,0.863636,0.429436,0.937500,0.365385,2.736842,0.589087,0.237164
S1_Grao_2,130,259,297,1113,319,1141,94.124892,259.000000,15.570787,32.790817,57.049890,26.000000,7.647059,30.000000,19.000000,18.159544,85.840620,390.000000,87.537020,32.737396,13.547645,33.286634,34.286585,15.570787,32.790817,1.649870,0.973137,0.507267,3.400000,0.367367,2.416464,0.930009,0.664103,0.606108,0.633333,0.366667,0.911986,0.664103,0.413828,0.911986,0.664103,0.297625,0.507267,0.474852,2.105919,0.367367,0.055464
S1_Grao_2,131,267,300,1361,321,1381,76.568542,267.000000,17.322090,22.940065,57.924269,23.000000,11.333333,20.000000,20.000000,18.437868,70.769553,320.000000,71.679425,23.353952,16.509396,23.404653,24.323777,17.322090,22.940065,1.321873,0.950875,0.671918,2.029412,0.572296,1.414585,0.936147,0.834375,0.756502,1.000000,0.000000,0.924264,0.834375,0.706921,0.924264,0.834375,0.620607,0.671918,0.755102,1.324324,0.572296,0.238646
S1_Grao_2,132,62,300,1416,310,1427,35.112698,62.000000,6.145770,10.883135,27.912631,12.000000,5.250000,10.000000,8.000000,8.884866,34.284271,71.000000,33.720573,12.768737,6.748488,11.360668,12.180340,6.145770,10.883135,1.257950,1.030973,0.926961,2.285714,0.631936,1.892088,0.960353,0.873239,0.794944,0.800000,0.200000,0.976407,0.873239,0.528517,0.976407,0.873239,0.611638,0.926961,0.564706,1.770833,0.631936,0.358285
S1_Grao_2,133,92,306,252,320,264,46.426407,92.000000,8.485281,14.142136,34.001560,15.000000,6.533333,14.000000,9.000000,10.823033,43.112698,111.000000,42.316931,16.319781,8.170635,14.848569,15.560213,8.485281,14.142136,1.365420,1.025888,0.766667,2.295918,0.536374,1.997370,0.911484,0.828829,0.732375,0.642857,0.357143,0.928624,0.828829,0.500658,0.928624,0.828829,0.531286,0.766667,0.600000,1.666667,0.536374,0.218476
S1_Grao_2,134,145,307,369,324,382,53.597980,145.000000,9.899495,18.384776,42.686341,19.000000,7.684211,18.000000,11.000000,13.587484,51.112698,161.000000,50.881920,19.418977,9.781768,19.235384,20.235353,9.899495,18.384776,1.255624,0.947487,0.796703,2.472603,0.634280,1.985221,0.949325,0.900621,0.796417,0.611111,0.388889,0.953631,0.900621,0.503722,0.953631,0.900621,0.498972,0.796703,0.538462,1.857143,0.634280,0.252147
S1_Grao_2,135,565,311,87,340,127,134.066017,565.000000,20.343337,41.035416,84.261494,29.000000,13.500000,38.000000,32.000000,26.821267,112.710678,704.000000,120.035985,41.719317,20.750442,42.442029,43.378844,20.343337,41.035416,1.591071,1.092121,0.676811,2.148148,0.395022,2.010527,0.895350,0.802557,0.628507,0.842105,0.157895,0.840710,0.802557,0.497382,0.840710,0.802557,0.399362,0.676811,0.495751,2.017143,0.395022,0.106771
S1_Grao_2,136,417,316,1522,343,1558,97.710678,417.000000,15.205262,40.696437,72.389064,37.000000,10.219512,37.000000,27.000000,23.042155,90.396970,529.000000,107.849696,43.512104,14.367896,40.706265,41.705905,15.205262,40.696437,1.349799,0.873951,0.673885,3.620525,0.548860,3.028426,1.103766,0.788280,0.740851,0.729730,0.270270,0.925149,0.788280,0.330205,0.925149,0.788280,0.320423,0.673885,0.373626,2.676471,0.548860,0.118514
S1_Grao_2,137,310,318,1442,335,1486,129.480231,310.000000,13.058637,45.079130,62.414541,28.000000,6.955556,41.000000,24.000000,19.867165,104.911688,473.000000,101.733471,45.457901,11.293509,45.122057,46.122057,13.058637,45.079130,2.074520,1.113564,0.526609,4.025559,0.232362,4.025135,0.785707,0.655391,0.482039,0.585366,0.414634,0.810253,0.655391,0.248439,0.810253,0.655391,0.193863,0.526609,0.289683,3.452055,0.232362,0.023722
S1_Grao_2,139,256,326,67,350,85,71.740115,256.000000,11.401754,26.311741,56.718523,27.000000,9.629630,24.000000,17.000000,18.054067,69.254834,277.000000,70.430822,28.003677,11.855128,26.832816,27.832668,11.401754,26.311741,1.264845,0.951120,0.853333,2.803846,0.625066,2.362157,0.981749,0.924188,0.790611,0.708333,0.291667,0.965357,0.924188,0.423342,0.965357,0.924188,0.452707,0.853333,0.433333,2.307692,0.625066,0.241469
S1_Grao_2,141,697,328,1108,377,1173,232.208153,697.000000,36.674908,72.374578,93.588249,24.000000,9.589041,64.000000,54.000000,29.790065,192.166522,1830.000000,209.373575,84.049132,37.088431,72.404548,73.401608,36.674908,72.374578,2.481168,1.064692,0.262590,2.502857,0.162438,2.266182,0.901663,0.380874,0.403036,0.843750,0.156250,0.827561,0.380874,0.441271,0.827561,0.380874,0.169282,0.262590,0.506737,1.973409,0.162438,0.007221
S1_Grao_2,142,83,335,472,346,484,38.526912,83.000000,7.071068,12.020815,32.295646,12.000000,6.666667,12.000000,9.000000,10.280023,37.698485,90.000000,37.101909,13.766257,7.895702,13.022472,13.999972,7.071068,12.020815,1.192944,1.008987,0.976471,1.800000,0.702683,1.743513,0.963013,0.922222,0.838262,0.750000,0.250000,0.978497,0.922222,0.573555,0.978497,0.922222,0.623163,0.976471,0.588235,1.700000,0.702683,0.427583
S1_Grao_2,143,269,335,1175,356,1209,94.225397,269.000000,11.334066,37.423243,58.140809,37.000000,6.948718,32.000000,24.000000,18.506794,91.154329,351.000000,92.712948,39.669530,10.798013,37.576588,38.576407,11.334066,37.423243,1.620641,0.966269,0.634198,5.324723,0.380738,3.673781,0.983949,0.766382,0.617040,0.750000,0.250000,0.967407,0.766382,0.272199,0.967407,0.766382,0.242565,0.634198,0.302862,3.301837,0.380738,0.058571
S1_Grao_2,145,167,351,1360,371,1375,57.497475,167.000000,9.899495,19.091883,45.810303,19.000000,8.550000,17.000000,13.000000,14.581872,55.840620,184.000000,55.577397,20.801062,10.979689,21.189620,22.189478,9.899495,19.091883,1.255121,0.991631,0.883598,2.222222,0.634788,1.894504,0.966606,0.907609,0.796736,0.764706,0.235294,0.971184,0.907609,0.527843,0.971184,0.907609,0.473566,0.883598,0.518519,1.928571,0.634788,0.265622
S1_Grao_2,148,68,358,756,370,764,34.041631,68.000000,7.071068,10.606602,29.232058,12.000000,5.916667,10.000000,10.000000,9.304853,34.041631,73.000000,33.199426,12.778328,7.042737,12.369317,13.369314,7.071068,10.606602,1.164531,0.962843,0.906667,2.028169,0.737391,1.814398,0.975260,0.931507,0.858715,1.000000,0.000000,1.000000,0.931507,0.551147,1.000000,0.931507,0.565884,0.906667,0.666667,1.500000,0.737391,0.378332
S1_Grao_2,149,52,358,1211,368,1221,32.284271,52.000000,4.949747,10.606602,25.562693,12.000000,4.166667,10.000000,5.000000,8.136858,32.284271,59.000000,31.349464,12.703421,5.552495,11.205158,12.180333,4.949747,10.606602,1.262945,1.037656,0.990476,2.880000,0.626948,2.287876,0.971045,0.881356,0.791800,0.500000,0.500000,1.000000,0.881356,0.437087,1.000000,0.881356,0.527324,0.990476,0.466667,2.142857,0.626948,0.327456
S1_Grao_2,152,167,361,122,379,140,68.911688,167.000000,12.709363,20.570824,45.810303,20.000000,7.952381,19.000000,14.000000,14.581872,60.183766,230.000000,60.599984,23.514878,12.974487,20.591260,21.591252,12.709363,20.570824,1.504284,1.035326,0.638765,2.514970,0.441917,1.812394,0.879386,0.726087,0.664768,0.736842,0.263158,0.873346,0.726087,0.551756,0.873346,0.726087,0.501488,0.638765,0.617834,1.618557,0.441917,0.141561
S1_Grao_2,153,73,362,252,371,268,45.355339,73.000000,6.086140,16.385761,30.287705,16.000000,4.352941,13.000000,12.000000,9.640876,42.870058,100.000000,42.917250,19.080885,5.924537,16.492423,17.492422,6.086140,16.385761,1.497484,1.009157,0.732005,3.675676,0.445939,3.220654,0.946245,0.730000,0.667787,0.923077,0.076923,0.945204,0.730000,0.310496,0.945204,0.730000,0.341715,0.732005,0.371429,2.692308,0.445939,0.111546
S1_Grao_2,156,51,369,1499,379,1508,32.284271,51.000000,4.949747,10.606602,25.315705,11.000000,4.363636,11.000000,6.000000,8.058239,31.455844,56.000000,31.056309,12.787430,5.359821,11.180340,12.180333,4.949747,10.606602,1.275267,1.037656,0.971429,2.520833,0.614891,2.385794,0.961964,0.910714,0.784150,0.545455,0.454545,0.974340,0.910714,0.419148,0.974340,0.910714,0.519482,0.971429,0.466667,2.142857,0.614891,0.310298
S1_Grao_2,157,1232,371,165,416,227,211.906638,1232.000000,37.476659,64.346717,124.425755,55.000000,19.292308,56.000000,51.000000,39.605948,175.823376,1725.000000,180.717098,70.828292,30.084125,68.447060,69.447012,37.476659,64.346717,1.703077,1.040560,0.510885,2.850877,0.344772,2.354341,0.852815,0.714203,0.587173,0.910714,0.089286,0.829721,0.714203,0.424747,0.829721,0.714203,0.334820,0.510885,0.582418,1.716981,0.344772,0.058975
S1_Grao_2,158,338,380,1153,404,1188,112.610173,338.000000,16.076880,39.687695,65.172335,34.000000,8.341463,34.000000,25.000000,20.744999,100.325902,499.000000,96.618881,39.062919,14.190921,40.311289,41.311238,16.076880,39.687695,1.727883,1.009693,0.529735,4.076023,0.334943,2.752670,0.857994,0.677355,0.578743,0.735294,0.264706,0.890913,0.677355,0.363284,0.890913,0.677355,0.264834,0.529735,0.405085,2.468619,0.334943,0.046990
S1_Grao_2,160,1043,385,74,438,121,243.605122,1043.000000,37.583488,59.169902,114.484604,59.000000,19.633333,55.000000,49.000000,36.441581,170.610173,1692.000000,181.591690,68.064628,34.464873,59.682242,60.640215,37.583488,59.169902,2.127842,1.258897,0.469015,3.005093,0.220862,1.974899,0.745435,0.616430,0.469960,0.890909,0.109091,0.700355,0.616430,0.506355,0.700355,0.616430,0.372824,0.469015,0.635179,1.574359,0.220862,0.038620
S1_Grao_2,161,58,389,1115,399,1123,32.870058,58.000000,6.363961,9.899495,26.997213,10.000000,5.600000,10.000000,7.000000,8.593480,31.213203,64.000000,29.922337,11.628160,6.579337,10.770330,11.770265,6.363961,9.899495,1.217535,1.010550,0.920635,1.785714,0.674585,1.767376,0.910322,0.906250,0.821331,0.700000,0.300000,0.949594,0.906250,0.565811,0.949594,0.906250,0.636620,0.920635,0.642857,1.555556,0.674585,0.395371
S1_Grao_2,162,183,390,1492,406,1511,69.982756,183.000000,13.184369,21.354964,47.954623,20.000000,8.545455,18.000000,17.000000,15.264430,61.698485,239.000000,60.916351,20.066174,13.795685,21.470911,22.470905,13.184369,21.354964,1.459354,1.013088,0.649969,2.340426,0.469547,1.454525,0.870448,0.765690,0.685235,0.944444,0.055556,0.881624,0.765690,0.687509,0.881624,0.765690,0.505429,0.649969,0.617391,1.619718,0.469547,0.154252
S1_Grao_2,163,1864,390,1514,505,1558,209.835570,1864.000000,44.000000,115.000000,153.048080,68.000000,18.137931,113.000000,60.000000,48.716717,168.095454,3236.000000,322.735890,120.120423,36.561184,115.017390,116.017390,44.000000,115.000000,1.371043,0.659860,0.368379,3.749049,0.531983,3.285463,1.538042,0.576020,0.729371,0.530973,0.469027,0.801082,0.576020,0.304371,0.801082,0.576020,0.179403,0.368379,0.382609,2.613636,0.531983,0.035158
S1_Grao_2,165,110,395,599,406,613,44.769553,110.000000,10.606602,12.020815,37.179306,13.000000,8.538462,12.000000,12.000000,11.834541,42.284271,121.000000,39.460186,14.489339,10.050857,14.142136,15.142099,10.606602,12.020815,1.204152,0.989277,0.862745,1.522523,0.689663,1.441602,0.881407,0.909091,0.830460,1.000000,0.000000,0.944487,0.909091,0.693673,0.944487,0.909091,0.700282,0.862745,0.882353,1.133333,0.689663,0.416670
S1_Grao_2,167,571,398,787,437,827,140.267027,571.000000,23.930638,44.713210,84.707719,40.000000,12.500000,45.000000,24.000000,26.963304,125.095454,875.000000,130.744475,51.533089,22.244322,45.486262,46.486219,23.930638,44.713210,1.655894,1.021701,0.533637,3.200000,0.364699,2.316685,0.932111,0.652571,0.603903,0.533333,0.466667,0.891838,0.652571,0.431651,0.891838,0.652571,0.351387,0.533637,0.535203,1.868450,0.364699,0.068386
S1_Grao_2,168,584,402,366,430,408,134.066017,584.000000,21.613239,43.847549,85.666565,45.000000,13.288889,36.000000,36.000000,27.268515,118.225397,761.000000,123.659789,47.355546,18.644296,43.865708,44.863413,21.613239,43.847549,1.564975,1.024018,0.616237,3.386288,0.408306,2.539948,0.922380,0.767411,0.638988,1.000000,0.000000,0.881845,0.767411,0.393709,0.881845,0.767411,0.386432,0.616237,0.492918,2.028736,0.408306,0.097231
S1_Grao_2,171,223,408,1135,429,1160,91.296465,223.000000,18.117464,24.845434,52.936761,25.000000,10.560000,24.000000,21.000000,16.850294,77.254834,354.000000,79.248272,27.856532,17.765292,26.832816,27.832623,18.117464,24.845434,1.724633,1.062504,0.495406,2.367424,0.336207,1.568031,0.868032,0.629944,0.579834,0.875000,0.125000,0.846197,0.629944,0.637742,0.846197,0.629944,0.394351,0.495406,0.729207,1.371353,0.336207,0.065683
S1_Grao_2,172,2483,410,965,501,1038,315.404112,2483.000000,42.054959,100.916484,176.641723,79.000000,24.752475,99.000000,60.000000,56.226807,265.220346,3572.000000,265.619484,100.661663,39.156753,102.200783,103.200649,42.054959,100.916484,1.785558,1.103032,0.585056,3.191600,0.313655,2.570736,0.842156,0.695129,0.560049,0.606061,0.393939,0.840891,0.695129,0.388994,0.840891,0.695129,0.302676,0.585056,0.416730,2.399633,0.313655,0.055543
S1_Grao_2,173,90,411,1230,423,1241,38.284271,90.000000,7.071068,12.727922,33.629947,13.000000,6.846154,13.000000,7.000000,10.704745,38.284271,95.000000,36.425718,14.330031,8.098366,13.416408,14.416399,7.071068,12.727922,1.138398,0.966824,1.000000,1.898876,0.771634,1.769497,0.951454,0.947368,0.878427,0.538462,0.461538,1.000000,0.947368,0.565132,1.000000,0.947368,0.636620,1.000000,0.555556,1.800000,0.771634,0.491238
S1_Grao_2,174,753,415,834,473,930,287.646753,753.000000,25.523401,106.448399,97.275264,37.000000,7.056075,89.000000,60.000000,30.963678,246.391919,1974.000000,265.012112,122.215591,25.509069,106.451867,107.451844,25.523401,106.448399,2.957039,1.089804,0.277152,5.243709,0.114363,4.791064,0.921311,0.381459,0.338176,0.674157,0.325843,0.856578,0.381459,0.208722,0.856578,0.381459,0.084605,0.277152,0.239773,4.170620,0.114363,0.002682
S1_Grao_2,178,107,430,962,453,970,62.083261,107.000000,7.485394,23.079966,36.668810,22.000000,4.521739,22.000000,10.000000,11.672045,55.455844,155.000000,56.214300,26.320232,7.039042,23.086793,24.086753,7.485394,23.079966,1.693081,1.015582,0.619347,4.865385,0.348855,3.739178,0.905466,0.690323,0.590639,0.454545,0.545455,0.893250,0.690323,0.267438,0.893250,0.690323,0.255603,0.619347,0.324324,3.083333,0.348855,0.055226
S1_Grao_2,179,97,432,746,447,754,42.284271,97.000000,7.761140,14.794673,34.913292,14.000000,6.333333,15.000000,9.000000,11.113246,40.627417,104.000000,40.868162,15.366768,8.241065,15.033296,16.033183,7.761140,14.794673,1.211122,0.937325,0.844775,2.210526,0.681748,1.864658,0.966510,0.932692,0.825680,0.600000,0.400000,0.960816,0.932692,0.536291,0.960816,0.932692,0.546479,0.844775,0.524590,1.906250,0.681748,0.314730
S1_Grao_2,180,473,438,798,506,810,170.409163,473.000000,11.272940,67.970599,77.096649,67.000000,6.911765,68.000000,13.000000,24.540626,150.526912,734.000000,172.954016,79.529160,9.703955,68.007353,69.007213,11.272940,67.970599,2.210332,1.075224,0.617309,9.693617,0.204685,8.195541,1.014934,0.644414,0.452421,0.191176,0.808824,0.883326,0.644414,0.122018,0.883326,0.644414,0.130215,0.617309,0.165850,6.029536,0.204685,0.016453
S1_Grao_2,181,290,439,1427,462,1467,112.994949,290.000000,14.176795,42.482329,60.367603,34.000000,6.568182,33.000000,30.000000,19.215605,103.053824,449.000000,101.950977,45.221140,11.840409,43.462628,44.462383,14.176795,42.482329,1.871781,0.997147,0.481517,5.176471,0.285424,3.819221,0.902261,0.645880,0.534250,0.909091,0.090909,0.912022,0.645880,0.261833,0.912022,0.645880,0.195468,0.481517,0.333710,2.996610,0.285424,0.026864
S1_Grao_2,183,62,440,1125,446,1139,37.455844,62.000000,5.295136,14.120362,27.912631,15.000000,4.133333,13.000000,8.000000,8.884866,35.798990,71.000000,33.906744,15.024339,5.559324,14.142136,15.142066,5.295136,14.120362,1.341896,0.964586,0.829218,3.629032,0.555344,2.702548,0.905246,0.873239,0.745214,0.615385,0.384615,0.955765,0.873239,0.370021,0.955765,0.873239,0.394704,0.829218,0.375000,2.666667,0.555344,0.181762
S1_Grao_2,187,235,445,1185,470,1199,72.911688,235.000000,13.548388,25.210292,54.342406,25.000000,9.038462,22.000000,20.000000,17.297725,67.941125,266.000000,69.745933,26.680986,12.314432,25.961510,26.961384,13.548388,25.210292,1.341709,0.940585,0.688022,2.765957,0.555499,2.166644,0.956581,0.883459,0.745318,0.909091,0.090909,0.931828,0.883459,0.461543,0.931828,0.883459,0.443934,0.688022,0.537415,1.860759,0.555499,0.169670
S1_Grao_2,188,139,449,359,472,368,60.426407,139.000000,8.287117,22.884606,41.793845,22.000000,5.750000,23.000000,9.000000,13.303394,56.284271,164.000000,54.726308,23.596865,8.021535,23.021729,24.021521,8.287117,22.884606,1.445821,0.969250,0.732939,3.826087,0.478378,2.941689,0.905669,0.847561,0.691649,0.391304,0.608696,0.931452,0.847561,0.339941,0.931452,0.847561,0.333925,0.732939,0.362126,2.761468,0.478378,0.117081
S1_Grao_2,190,229,457,221,485,246,95.539105,229.000000,11.653451,34.043360,53.644188,26.000000,6.647059,33.000000,15.000000,17.075475,84.811183,331.000000,91.864005,35.587726,12.200321,34.205263,35.205232,11.653451,34.043360,1.780978,1.045359,0.577229,3.911504,0.315270,2.916950,0.961533,0.691843,0.561489,0.454545,0.545455,0.887712,0.691843,0.342824,0.887712,0.691843,0.249207,0.577229,0.342312,2.921311,0.315270,0.045351
S1_Grao_2,191,324,459,676,496,703,118.267027,324.000000,19.176471,40.647059,63.808339,31.000000,8.048780,36.000000,24.000000,20.310825,106.225397,534.000000,112.652590,42.377019,17.166365,40.718546,41.718479,19.176471,40.647059,1.853473,0.988466,0.415669,3.851515,0.291090,2.468608,0.952527,0.606742,0.539528,0.666667,0.333333,0.898183,0.606742,0.405087,0.898183,0.606742,0.248812,0.415669,0.471780,2.119632,0.291090,0.030105
S1_Grao_2,192,352,460,168,511,184,130.267027,352.000000,10.822349,52.255358,66.508364,49.000000,6.698113,48.000000,23.000000,21.170270,118.669048,494.000000,127.671177,53.443396,9.645550,52.392748,53.392567,10.822349,52.255358,1.958656,1.032592,0.622430,7.315493,0.260665,5.540731,0.980073,0.712551,0.510554,0.479167,0.520833,0.910968,0.712551,0.180482,0.910968,0.712551,0.163272,0.622430,0.207105,4.828467,0.260665,0.026490
S1_Grao_2,195,170,462,1157,475,1179,66.669048,170.000000,12.920960,21.092595,46.219942,20.000000,7.818182,22.000000,12.000000,14.712264,61.112698,225.000000,60.829330,23.588819,11.492594,22.360680,23.360645,12.920960,21.092595,1.442430,0.980036,0.623769,2.558140,0.480629,2.052523,0.912407,0.755556,0.693274,0.545455,0.454545,0.916658,0.755556,0.487205,0.916658,0.755556,0.432901,0.623769,0.612583,1.632432,0.480629,0.129785
S1_Grao_2,201,216,474,418,501,432,81.053824,216.000000,11.374736,28.240723,52.099290,25.000000,7.655172,24.000000,19.000000,16.583719,71.941125,279.000000,74.875401,28.479356,10.984605,28.460499,29.460431,11.374736,28.240723,1.555757,1.023007,0.672414,3.265766,0.413158,2.592661,0.923774,0.774194,0.642774,0.791667,0.208333,0.887572,0.774194,0.385704,0.887572,0.774194,0.339531,0.672414,0.402778,2.482759,0.413158,0.094326
S1_Grao_2,202,452,475,452,491,498,123.095454,452.000000,15.569389,46.324685,75.365772,43.000000,9.638298,45.000000,17.000000,23.989670,109.840620,571.000000,111.757616,46.747075,14.071631,46.389654,47.389646,15.569389,46.324685,1.633307,0.994404,0.626692,4.461369,0.374856,3.322079,0.907894,0.791594,0.612255,0.377778,0.622222,0.892321,0.791594,0.301016,0.892321,0.791594,0.267428,0.626692,0.336093,2.975369,0.374856,0.062824
S1_Grao_2,205,89,481,1346,490,1360,39.698485,89.000000,9.192388,11.313708,33.442592,10.000000,7.250000,13.000000,8.000000,10.645108,38.870058,97.000000,38.873982,13.910404,8.465647,14.142136,15.142099,9.192388,11.313708,1.187064,0.967968,0.855769,1.379310,0.709663,1.643159,0.979231,0.917526,0.842415,0.615385,0.384615,0.979132,0.917526,0.608584,0.979132,0.917526,0.566592,0.855769,0.812500,1.230769,0.709663,0.344095
S1_Grao_2,206,142,484,704,505,716,56.769553,142.000000,8.649975,21.237180,42.242451,21.000000,6.409091,20.000000,14.000000,13.446190,55.941125,173.000000,56.013533,23.278846,8.603393,21.377558,22.377542,8.649975,21.237180,1.343898,0.949732,0.772995,3.276596,0.553691,2.705775,0.986683,0.820809,0.744104,0.700000,0.300000,0.985407,0.820809,0.369580,0.985407,0.820809,0.395624,0.772995,0.407303,2.455172,0.553691,0.169327
S1_Grao_2,207,1214,486,1468,531,1504,146.994949,1214.000000,36.000000,45.000000,123.513456,45.000000,26.456522,42.000000,41.000000,39.315554,137.296465,1277.000000,139.142466,46.298370,34.297744,46.615448,47.615122,36.000000,45.000000,1.190113,0.907376,0.749383,1.700904,0.706031,1.349895,0.946580,0.950666,0.840256,0.976190,0.023810,0.934022,0.950666,0.740798,0.934022,0.950666,0.711327,0.749383,0.800000,1.250000,0.706031,0.376354
S1_Grao_2,208,174,491,752,513,763,62.083261,174.000000,10.786387,22.161123,46.760544,23.000000,7.739130,22.000000,12.000000,14.884343,57.112698,201.000000,55.004700,21.844520,10.597460,22.203603,23.203597,10.786387,22.161123,1.327685,0.942154,0.727916,2.971910,0.567296,2.061298,0.885983,0.865672,0.753191,0.545455,0.454545,0.919937,0.865672,0.485131,0.919937,0.865672,0.449379,0.727916,0.486726,2.054545,0.567296,0.185568
S1_Grao_2,210,130,503,413,514,429,51.012193,130.000000,12.727922,13.435029,40.418166,14.000000,9.642857,16.000000,11.000000,12.865502,46.870058,144.000000,45.979964,16.363459,10.841933,16.124515,17.031205,12.727922,13.435029,1.262111,0.974894,0.760234,1.451852,0.627777,1.509275,0.901352,0.902778,0.792324,0.687500,0.312500,0.918801,0.902778,0.662570,0.918801,0.902778,0.636620,0.760234,0.947368,1.055556,0.627777,0.303831
S1_Grao_2,211,499,505,380,570,393,162.752309,499.000000,12.151892,65.265634,79.187240,66.000000,7.500000,64.000000,16.000000,25.206081,145.355339,694.000000,159.274183,72.555305,10.588754,65.276336,66.276322,12.151892,65.265634,2.055285,1.051133,0.629176,8.800000,0.236732,6.852110,0.978629,0.719020,0.486551,0.250000,0.750000,0.893108,0.719020,0.145940,0.893108,0.719020,0.149107,0.629176,0.186191,5.370821,0.236732,0.022209
S1_Grao_2,212,152,505,1439,520,1453,57.254834,152.000000,14.138313,14.467111,43.704557,15.000000,10.866667,16.000000,15.000000,13.911593,51.455844,186.000000,49.788399,15.445174,14.136353,16.241690,17.124410,14.138313,14.467111,1.310043,1.000769,0.743129,1.380368,0.582679,1.092585,0.869593,0.817204,0.763334,0.937500,0.062500,0.898716,0.817204,0.915260,0.898716,0.817204,0.733654,0.743129,0.977273,1.023256,0.582679,0.317676
S1_Grao_2,214,64,509,328,519,338,33.698485,64.000000,7.778175,8.485281,28.359262,10.000000,6.800000,9.000000,9.000000,9.027033,32.870058,72.000000,32.035596,9.901246,8.838199,10.387908,11.197983,7.778175,8.485281,1.188271,1.036019,0.969697,1.470588,0.708221,1.120279,0.950654,0.888889,0.841559,1.000000,0.000000,0.975416,0.888889,0.892635,0.975416,0.888889,0.755151,0.969697,0.916667,1.090909,0.708221,0.518608
S1_Grao_2,215,288,509,574,542,608,113.681241,288.000000,11.486474,44.031484,60.159079,38.000000,6.466667,43.000000,13.000000,19.149229,105.195959,438.000000,110.426972,47.962222,11.030790,44.045431,45.045408,11.486474,44.031484,1.889677,1.023824,0.569433,5.876289,0.280043,4.348032,0.971374,0.657534,0.529191,0.302326,0.697674,0.925359,0.657534,0.229989,0.925359,0.657534,0.189017,0.569433,0.260870,3.833333,0.280043,0.030142
S1_Grao_2,218,95,515,74,533,87,51.012193,95.000000,5.752237,20.017786,34.551486,21.000000,4.476190,19.000000,10.000000,10.998080,50.183766,116.000000,51.590310,22.860067,5.702539,20.124612,21.124585,5.752237,20.017786,1.476411,0.989758,0.825032,4.691489,0.458760,4.008752,1.011333,0.818966,0.677318,0.526316,0.473684,0.983760,0.818966,0.249454,0.983760,0.818966,0.298661,0.825032,0.287356,3.480000,0.458760,0.113041
S1_Grao_2,219,183,515,795,540,810,73.396970,183.000000,13.685100,24.564469,47.954623,23.000000,7.360000,25.000000,15.000000,15.264430,66.426407,254.000000,64.857669,26.014942,11.315122,25.019992,26.019988,13.685100,24.564469,1.530550,0.959448,0.544372,3.125000,0.426879,2.299130,0.883656,0.720472,0.653360,0.600000,0.400000,0.905029,0.720472,0.434947,0.905029,0.720472,0.372209,0.544372,0.557110,1.794979,0.426879,0.086494
S1_Grao_2,222,651,519,345,588,378,152.066017,551.000000,21.108333,69.200017,83.210998,49.000000,9.528571,59.000000,50.000000,26.486883,174.024387,882.000000,173.684098,61.776678,17.552315,70.035705,71.035496,21.108333,69.200017,1.827475,0.841927,0.377217,5.142429,0.299431,3.519574,1.142162,0.624717,0.547203,0.847458,0.152542,1.144400,0.624717,0.284125,1.144400,0.624717,0.143029,0.377217,0.305034,3.278327,0.299431,0.016155
S1_Grao_2,224,196,520,713,535,738,74.811183,196.000000,13.038266,22.651735,49.628708,23.000000,8.333333,22.000000,19.000000,15.797308,67.012193,261.000000,67.611832,25.457198,12.225163,25.179357,26.179312,13.038266,22.651735,1.507418,1.048069,0.663643,2.760000,0.440081,2.082361,0.903766,0.750958,0.663386,0.863636,0.136364,0.895751,0.750958,0.480224,0.895751,0.750958,0.393620,0.663643,0.575597,1.737327,0.440081,0.114959
S1_Grao_2,228,62,524,781,535,789,32.041631,62.000000,6.363961,9.899495,27.912631,11.000000,5.818182,10.000000,9.000000,8.884866,32.041631,66.000000,30.661635,12.122022,6.707458,11.401754,12.401650,6.363961,9.899495,1.147926,0.985081,0.984127,1.890625,0.758879,1.807245,0.956931,0.939394,0.871136,0.900000,0.100000,1.000000,0.939394,0.553328,1.000000,0.939394,0.607237,0.984127,0.642857,1.555556,0.758879,0.453505
S1_Grao_2,230,639,529,631,569,693,179.965512,639.000000,19.827899,69.351102,89.609770,42.000000,9.171429,56.000000,49.000000,28.523676,168.752309,1075.000000,177.637616,81.624774,15.496738,69.354164,70.354148,19.827899,69.351102,2.008325,1.009013,0.464698,4.579439,0.247932,5.267223,0.987065,0.594419,0.497927,0.875000,0.125000,0.937692,0.594419,0.189853,0.937692,0.594419,0.169148,0.464698,0.285906,3.497653,0.247932,0.019488
S1_Grao_2,231,583,529,994,553,1037,144.894444,583.000000,21.306327,43.088394,85.593189,41.000000,13.477273,43.000000,28.000000,27.245158,120.426407,880.000000,120.361616,51.472851,20.556700,43.539310,44.416575,21.306327,43.088394,1.692827,1.125049,0.635038,3.042159,0.348959,2.503945,0.830685,0.662500,0.590728,0.651163,0.348837,0.831132,0.662500,0.399370,0.831132,0.662500,0.391576,0.635038,0.494479,2.022329,0.348959,0.086774
S1_Grao_2,236,320,547,116,579,134,90.811183,320.000000,14.968933,32.038770,63.413237,30.000000,9.968750,29.000000,23.000000,20.185060,85.254834,406.000000,88.235537,33.975333,14.122511,32.382247,33.280024,14.968933,32.038770,1.432054,0.965918,0.667242,3.009404,0.487620,2.405757,0.971637,0.788177,0.698298,0.793103,0.206897,0.938814,0.788177,0.415670,0.938814,0.788177,0.388549,0.667242,0.467213,2.140351,0.487620,0.126418
S1_Grao_2,238,286,554,563,579,593,101.195959,286.000000,23.959579,27.346968,59.949829,24.000000,10.321429,29.000000,25.000000,19.082623,91.740115,450.000000,98.746287,26.853050,22.528559,32.100157,31.594070,23.959579,27.346968,1.688011,0.986190,0.436493,2.325260,0.350953,1.191956,0.975793,0.635556,0.592413,0.862069,0.137931,0.906559,0.635556,0.838957,0.906559,0.635556,0.353396,0.436493,0.876133,1.141379,0.350953,0.054136
S1_Grao_2,240,441,557,820,608,840,134.852814,441.000000,16.392773,52.879112,74.443062,44.000000,8.148148,49.000000,27.000000,23.695963,124.911688,649.000000,135.938438,54.795663,14.452496,52.886671,53.886663,16.392773,52.879112,1.811489,0.973359,0.508747,5.400000,0.304739,3.791433,1.008050,0.679507,0.552032,0.551020,0.448980,0.926282,0.679507,0.263753,0.926282,0.679507,0.200750,0.508747,0.310005,3.225758,0.304739,0.031123
S1_Grao_2,242,61,559,1475,566,1485,29.798990,61.000000,6.363961,9.192388,27.686614,10.000000,5.800000,8.000000,8.000000,8.812923,29.798990,62.000000,28.594093,10.968347,7.084898,10.440307,11.440243,6.363961,9.192388,1.076296,0.957776,1.042735,1.724138,0.863250,1.548131,0.959566,0.983871,0.929113,1.000000,0.000000,1.000000,0.983871,0.645940,1.000000,0.983871,0.712547,1.042735,0.692308,1.444444,0.863250,0.641393
S1_Grao_2,243,86,562,1036,578,1044,43.941125,86.000000,7.033533,16.249887,32.874122,17.000000,5.117647,15.000000,9.000000,10.464158,41.455844,99.000000,38.082049,16.357100,6.922710,16.278821,17.278803,7.033533,16.249887,1.336648,0.943614,0.752445,3.321839,0.559714,2.362817,0.866661,0.868687,0.748140,0.600000,0.400000,0.943441,0.868687,0.423224,0.943441,0.868687,0.413202,0.752445,0.432836,2.310345,0.559714,0.174022
S1_Grao_2,244,267,567,597,580,629,86.225397,267.000000,12.403397,31.868583,57.924269,31.000000,8.090909,31.000000,13.000000,18.437868,78.769553,321.000000,76.214315,32.004159,11.247275,32.015621,33.015620,12.403397,31.868583,1.488588,0.973815,0.675473,3.831461,0.451285,2.845503,0.883896,0.831776,0.671777,0.419355,0.580645,0.913531,0.831776,0.351432,0.913531,0.831776,0.331663,0.675473,0.389205,2.569343,0.451285,0.101101
S1_Grao_2,245,67,568,1362,580,1371,34.870058,67.000000,5.377549,12.419577,29.016320,13.000000,4.500000,12.000000,7.000000,9.236182,34.870058,72.000000,32.880937,14.392927,6.094729,13.000000,13.999932,5.377549,12.419577,1.201739,0.979654,1.003191,2.888889,0.692436,2.361537,0.942956,0.930556,0.832127,0.583333,0.416667,1.000000,0.930556,0.423453,1.000000,0.930556,0.504775,1.003191,0.432990,2.309524,0.692436,0.350640
S1_Grao_2,246,499,568,1405,598,1428,95.396970,499.000000,21.019039,30.231639,79.187240,31.000000,16.258065,29.000000,25.000000,25.206081,91.254834,556.000000,90.837239,31.992377,20.416703,30.985525,31.870651,21.019039,30.231639,1.204701,0.930690,0.785283,1.906746,0.689035,1.566971,0.952203,0.897482,0.830081,0.862069,0.137931,0.956580,0.897482,0.638174,0.956580,0.897482,0.661748,0.785283,0.695266,1.438298,0.689035,0.358064
S1_Grao_2,247,53,571,93,581,102,31.455844,53.000000,5.656854,9.899495,25.807318,10.000000,5.300000,10.000000,6.000000,8.214724,31.455844,61.000000,31.256622,11.873634,6.122351,10.770330,11.770265,5.656854,9.899495,1.218873,1.011029,0.946429,1.886792,0.673105,1.939391,0.993667,0.868852,0.820430,0.600000,0.400000,1.000000,0.868852,0.515626,1.000000,0.868852,0.581739,0.946429,0.571429,1.750000,0.673105,0.370594
S1_Grao_2,248,435,577,389,611,424,164.693434,435.000000,21.863961,38.180954,73.934912,22.000000,12.948718,39.000000,29.000000,23.534213,112.710678,767.000000,115.049939,43.318016,22.347212,39.798316,40.114897,21.863961,38.180954,2.227546,1.371419,0.521091,1.699010,0.201533,1.938408,0.698570,0.567145,0.448924,0.743590,0.256410,0.684367,0.567145,0.515887,0.684367,0.567145,0.349679,0.521091,0.572641,1.746296,0.201533,0.036722
S1_Grao_2,252,54,596,1434,603,1446,35.112698,54.000000,5.547002,11.648704,26.049645,12.000000,4.000000,10.000000,9.000000,8.291860,32.627417,63.000000,29.748559,13.219013,5.482089,12.369317,13.369272,5.547002,11.648704,1.347915,1.020973,0.835714,3.000000,0.550396,2.411309,0.847231,0.857143,0.741887,0.900000,0.100000,0.929220,0.857143,0.414712,0.929220,0.857143,0.449379,0.835714,0.476190,2.100000,0.550396,0.206702
S1_Grao_2,254,59,597,857,604,868,30.627417,59.000000,7.778175,7.778175,27.228953,8.000000,6.777778,11.000000,7.000000,8.667245,30.627417,62.000000,29.053758,10.605580,7.176499,11.000000,12.000000,7.778175,7.778175,1.124811,0.984402,0.975207,1.180328,0.790389,1.477821,0.948619,0.951613,0.889038,0.636364,0.363636,1.000000,0.951613,0.676672,1.000000,0.951613,0.620836,0.975207,1.000000,1.000000,0.790389,0.478536
S1_Grao_2,255,54,600,749,611,759,33.112698,54.000000,3.535534,12.020815,26.049645,12.000000,4.000000,11.000000,3.000000,8.291860,33.112698,54.000000,32.431549,14.674950,4.828302,12.529964,13.529941,3.535534,12.020815,1.271138,1.064282,1.270588,3.000000,0.618891,3.039360,0.979429,1.000000,0.786697,0.272727,0.727273,1.000000,1.000000,0.329017,1.000000,1.000000,0.437930,1.270588,0.294118,3.400000,0.618891,0.344369
S1_Grao_2,256,66,601,292,613,301,38.526912,66.000000,6.600000,12.600000,28.798966,13.000000,4.785714,11.000000,9.000000,9.166996,36.041631,79.000000,37.083839,14.565030,6.462396,13.000000,13.999876,6.600000,12.600000,1.337788,1.003305,0.793651,2.716418,0.558760,2.253813,0.962544,0.835443,0.747503,0.818182,0.181818,0.935492,0.835443,0.443693,0.935492,0.835443,0.497241,0.793651,0.523810,1.909091,0.558760,0.220507
S1_Grao_2,257,104,601,702,617,716,49.597980,104.000000,8.485281,16.263456,36.151107,17.000000,6.000000,17.000000,8.000000,11.507255,48.183766,124.000000,49.714819,18.774556,8.598528,17.480748,18.464205,8.485281,16.263456,1.371963,1.002031,0.753623,2.833333,0.531270,2.183462,1.002356,0.838710,0.728883,0.470588,0.529412,0.971486,0.838710,0.457988,0.971486,0.838710,0.433335,0.753623,0.521739,1.916667,0.531270,0.173497
S1_Grao_2,258,82,604,444,616,461,47.597980,82.000000,5.614563,18.715210,32.100505,19.000000,4.210526,17.000000,10.000000,10.217908,46.769553,99.000000,44.444657,21.010325,5.556579,18.788294,19.788285,5.614563,18.715210,1.482780,0.978184,0.780375,4.512500,0.454827,3.781162,0.933751,0.828283,0.674409,0.588235,0.411765,0.982595,0.828283,0.264469,0.982595,0.828283,0.295767,0.780375,0.300000,3.333333,0.454827,0.104978
S1_Grao_2,261,83,617,938,629,948,34.870058,83.000000,7.778175,10.606602,32.295646,12.000000,6.916667,10.000000,9.000000,10.280023,34.870058,88.000000,34.902649,12.586806,8.590080,12.369317,13.369314,7.778175,10.606602,1.079714,0.948341,1.006061,1.734940,0.857793,1.465272,1.000935,0.943182,0.926171,0.900000,0.100000,1.000000,0.943182,0.682467,1.000000,0.943182,0.690712,1.006061,0.733333,1.363636,0.857793,0.596079
S1_Grao_2,264,118,618,1071,629,1086,38.526912,118.000000,9.899495,12.727922,38.507554,14.000000,8.571429,13.000000,12.000000,12.257335,37.698485,125.000000,42.612516,14.924529,10.388387,15.132746,16.132725,9.899495,12.727922,1.000503,0.851333,0.936508,1.633333,0.998995,1.436655,1.106045,0.944000,0.999498,0.923077,0.076923,0.978497,0.944000,0.696061,0.978497,0.944000,0.656080,0.936508,0.777778,1.285714,0.998995,0.613807
